{"pia":{"status":2,"is_example":0,"is_archive":0,"created_at":"2021-11-03T08:43:00.297Z","name":"Data processing in Instagram and Facebook","category":null,"author_name":"Zineb Senane","evaluator_name":"Zineb Senane","validator_name":"Zineb Senane","updated_at":"2021-11-04T22:59:11.214Z","structure_id":"","id":3,"progress":77.5,"dpos_names":"Zineb Senane","dpo_status":1,"dpo_opinion":"Facebook and Instagram purposes seems good, they will provide to users some services and products. But they should be aware of the data processing and all operations that request data. Data subjects by identifying theirselves and creating accounts will get benifits from these social networking easily.\nFacebook and Instagram have the obligation to  apply the improvement given very quickly to maintain their services and products in conformity with GDPR.","concerned_people_searched_opinion":true,"concerned_people_searched_content":null,"people_names":"Citizens","concerned_people_status":1,"concerned_people_opinion":"These platforms create new opportunities not only for communicating with new people around the world but also for jobseakers or other stuffs much important than that."},"answers":[{"pia_id":3,"reference_to":111,"data":{"text":"<div style=\"box-sizing: inherit; color: #0a0a0a; font-family: Roboto, sans-serif; font-size: 12px; background-color: #f5f5f5;\">\n<div class=\"pia-questionBlock\" style=\"box-sizing: inherit; position: relative; margin-bottom: 10px; background-color: #ffffff; padding: 12px 40px; box-shadow: #d2d2d2 1px 1px 15px 1px;\" data-id=\"111\"><form class=\"ng-untouched ng-pristine ng-valid\" style=\"box-sizing: inherit;\" novalidate=\"\">\n<div class=\"pia-questionBlock-displayer fadeIn\" style=\"box-sizing: inherit; animation-duration: 0.75s; animation-fill-mode: both; animation-name: fadeIn;\">\n<div class=\"pia-questionBlock-content\" style=\"box-sizing: inherit; padding: 0px;\">\n<ol>\n<li class=\"pia-questionBlock-contentText\" style=\"box-sizing: inherit; min-height: 130px; cursor: pointer;\">&nbsp;Facebook and Instagram are an online social networking website where people can create profiles, share information such as photos and quotes about themselves, and respond or link to the information posted by others. They allow anyone to share photos, comments and share video online, and they propose also some services that fit with the person intersets<span style=\"color: #202124; font-family: arial, sans-serif; font-size: 16px;\">. </span>The are also hosted on a smartphone or a tablet, or with an online service by using the apps.</li>\n<li class=\"pia-questionBlock-contentText\" style=\"box-sizing: inherit; min-height: 130px; cursor: pointer;\">Their purposes are :\n<ul style=\"box-sizing: inherit;\">\n<li style=\"box-sizing: inherit;\">Provide interactivity to the persons, through the possibility of communication with other users, having friends in their accounts, submitting comments and sharing what they want.</li>\n<li style=\"box-sizing: inherit;\">Recognize persons interests through their interactions in the social networking and proposing to them new services and product that they may need.</li>\n</ul>\n</li>\n<li>Facebook responds to almost \"primary\" needs: interpersonal communication, seduction, entertainment. Its great strength has been to synthesize needs that have been separated in the past between the trades of operator and media. So the stakes are about achieving these goals by creating this connectivity, in keeping with the legal framework and personal data security.</li>\n</ol>\n</div>\n</div>\n</form></div>\n</div>","gauge":null,"list":[]},"created_at":"2021-11-03T09:02:10.236Z","id":73,"updated_at":"2021-11-03T09:17:13.073Z"},{"pia_id":3,"reference_to":112,"data":{"text":"<br style=\"box-sizing: inherit; color: #0a0a0a; font-family: Roboto, sans-serif; font-size: 12px; background-color: #ffffff;\" />\n<ul style=\"box-sizing: inherit; color: #0a0a0a; font-family: Roboto, sans-serif; font-size: 12px; background-color: #ffffff;\">\n<li style=\"box-sizing: inherit;\">Firstly the main stakeholders are its active end-users of age 13 and above all over the world. Second section of stakeholders are corporate companies which invest in advertising their brands and even the shareholders of Facebook as it owns this application.</li>\n<li style=\"box-sizing: inherit;\">Who hosts the data and services?&nbsp; &nbsp; &nbsp; &nbsp; &nbsp; &nbsp; &nbsp; &nbsp; &nbsp; &nbsp; &nbsp; &nbsp; &nbsp; &nbsp; &nbsp; &nbsp; &nbsp; &nbsp; &nbsp; &nbsp; &nbsp; &nbsp; &nbsp; &nbsp; &nbsp; &nbsp; &nbsp; &nbsp; &nbsp; &nbsp; &nbsp; &nbsp; &nbsp; &nbsp; &nbsp; &nbsp; &nbsp; &nbsp; &nbsp; &nbsp; Facebook and Instagram hosts the data and services in their own data center called Facebook Eagle Mountain Utah.The responsible of data processing is Facebook Ireland Ltd:\n<div class=\"_2piv _2pid _3ma\" style=\"padding-top: 8px; padding-left: 20px; text-rendering: optimizelegibility; font-family: inherit; color: #1c1e21; font-size: 14px; font-weight: bold !important;\">Facebook Ireland Ltd.<br />4 Grand Canal Square<br />Grand Canal Harbour<br />Dublin 2 Ireland</div>\n</li>\n<li style=\"box-sizing: inherit;\">Who operates the algorithms ?&nbsp; &nbsp; &nbsp; &nbsp; &nbsp; &nbsp; &nbsp; &nbsp; &nbsp; &nbsp; &nbsp; &nbsp; &nbsp; &nbsp; &nbsp; &nbsp; &nbsp; &nbsp; &nbsp; &nbsp; &nbsp; &nbsp; &nbsp; &nbsp; &nbsp; &nbsp; &nbsp; &nbsp; &nbsp; &nbsp; &nbsp; &nbsp; &nbsp; &nbsp; &nbsp; &nbsp; &nbsp; &nbsp; &nbsp; &nbsp; Basically, Facebook is the operator of its own algorithms, it operates&nbsp; the platform's way of deciding which posts to push in users' feeds and when those&nbsp;posts appear. It has also an algorithm which propose friends requests suggestion<span style=\"color: #202124; font-family: arial, sans-serif; font-size: 16px;\">.</span></li>\n<li style=\"box-sizing: inherit;\">Who operates the analysis of uses and the advertising?&nbsp; &nbsp; &nbsp; &nbsp; &nbsp; &nbsp; &nbsp; &nbsp; &nbsp; &nbsp; &nbsp; &nbsp; &nbsp; &nbsp; &nbsp; &nbsp; &nbsp; &nbsp; &nbsp; &nbsp; &nbsp; &nbsp; &nbsp; &nbsp; &nbsp; By default, Facebook will collect and use information regarding users&rsquo; activities off of Facebook for ad targeting purposes. Under the heading &ldquo;Ads Based on Your Use of Websites or Apps Off Facebook&rdquo;, users are informed that they can opt out of tracking and targeted advertising by providing links to the websites of the American, Canadian and European Digital Advertising Alliance.</li>\n</ul>","gauge":null,"list":[]},"created_at":"2021-11-03T09:48:26.311Z","id":74,"updated_at":"2021-11-04T22:01:13.150Z"},{"pia_id":3,"reference_to":113,"data":{"text":"The standards applicable to the processing complied with current European Union data protection law, which includes GDPR.&nbsp;","gauge":null,"list":[]},"created_at":"2021-11-03T10:18:14.021Z","id":75,"updated_at":"2021-11-03T10:21:21.863Z"},{"pia_id":3,"reference_to":121,"data":{"text":"To provide the facebook products and Instagram services, we process information about the users and the type of information depends on how he or she us our products.<br />\n<ul>\n<li>Information given by the user:created or shared content, communications, information person provide while signing up for an account, messages. This can include also location of a photo or the date a file was created, what you see through our features : camera...</li>\n<li>Networks and connections: collect informations about people, pages, accounts, hashtags and groups persons are connected to and how they interact with them. We also collect contact information by synchronisation for example (using adress or call log or sms log), which we use for things like helping people to find others that they may know or other puposes.<span class=\"d2edcug0 hpfvmrgz qv66sw1b c1et5uql lr9zc1uh a5q79mjw g1cxx5fr b1v8xokw oo9gr5id\" style=\"font-size: 1.0625rem; overflow-wrap: break-word; max-width: 100%; line-height: 1.1765; min-width: 0px; font-family: inherit; color: var(--primary-text); word-break: break-word;\"><span class=\"d2edcug0 hpfvmrgz qv66sw1b c1et5uql lr9zc1uh a5q79mjw g1cxx5fr b1v8xokw oo9gr5id\" style=\"font-size: 1.0625rem; overflow-wrap: break-word; max-width: 100%; line-height: 1.1765; min-width: 0px; font-family: inherit; color: var(--primary-text); word-break: break-word;\"><br /></span></span></li>\n<li>Usage: information about how the person use our ptoducts, such as type of content you view or engage with, actions you take, the time, frequency and duration of activities, how do he or she use features...</li>\n<li>Transactions made on our Products: when making a purchase in a game, we collect information about the transaction. This incluses payment information such as card credit information, card number, other account and authentification information, billing contact details.</li>\n<li>Device information:</li>\n<li class=\"c1et5uql dflh9lhu i0u1bx94 sjgh65i0 m8hsej2k tr9rh885 a4emee1s\" style=\"counter-increment: li 1; overflow-wrap: break-word; padding-right: 8px; margin: 16px 20px;\"><span class=\"d2edcug0 hpfvmrgz qv66sw1b c1et5uql lr9zc1uh a5q79mjw g1cxx5fr b1v8xokw oo9gr5id\" style=\"font-size: 1.0625rem; overflow-wrap: break-word; max-width: 100%; line-height: 1.1765; min-width: 0px; font-family: inherit; color: var(--primary-text); word-break: break-word;\"><span class=\"d2edcug0 hpfvmrgz qv66sw1b c1et5uql lr9zc1uh a5q79mjw g1cxx5fr b1v8xokw oo9gr5id\" style=\"font-size: 1.0625rem; overflow-wrap: break-word; max-width: 100%; line-height: 1.1765; min-width: 0px; font-family: inherit; color: var(--primary-text); word-break: break-word;\"><span style=\"font-weight: 600;\">Device attributes:</span> information such as the operating system, hardware and software versions, battery level, signal strength, available storage space, browser type, app and file names and types, and plugins.</span></span></li>\n<li class=\"c1et5uql dflh9lhu i0u1bx94 sjgh65i0 m8hsej2k tr9rh885 a4emee1s\" style=\"counter-increment: li 1; overflow-wrap: break-word; padding-right: 8px; margin: 16px 20px;\"><span class=\"d2edcug0 hpfvmrgz qv66sw1b c1et5uql lr9zc1uh a5q79mjw g1cxx5fr b1v8xokw oo9gr5id\" style=\"font-size: 1.0625rem; overflow-wrap: break-word; max-width: 100%; line-height: 1.1765; min-width: 0px; font-family: inherit; color: var(--primary-text); word-break: break-word;\"><span class=\"d2edcug0 hpfvmrgz qv66sw1b c1et5uql lr9zc1uh a5q79mjw g1cxx5fr b1v8xokw oo9gr5id\" style=\"font-size: 1.0625rem; overflow-wrap: break-word; max-width: 100%; line-height: 1.1765; min-width: 0px; font-family: inherit; color: var(--primary-text); word-break: break-word;\"><span style=\"font-weight: 600;\">Device operations:</span>&nbsp;information about operations and behaviors performed on the device, such as whether a window is foregrounded or backgrounded, or mouse movements (which can help distinguish humans from bots).</span></span></li>\n<li class=\"c1et5uql dflh9lhu i0u1bx94 sjgh65i0 m8hsej2k tr9rh885 a4emee1s\" style=\"counter-increment: li 1; overflow-wrap: break-word; padding-right: 8px; margin: 16px 20px;\"><span class=\"d2edcug0 hpfvmrgz qv66sw1b c1et5uql lr9zc1uh a5q79mjw g1cxx5fr b1v8xokw oo9gr5id\" style=\"font-size: 1.0625rem; overflow-wrap: break-word; max-width: 100%; line-height: 1.1765; min-width: 0px; font-family: inherit; color: var(--primary-text); word-break: break-word;\"><span class=\"d2edcug0 hpfvmrgz qv66sw1b c1et5uql lr9zc1uh a5q79mjw g1cxx5fr b1v8xokw oo9gr5id\" style=\"font-size: 1.0625rem; overflow-wrap: break-word; max-width: 100%; line-height: 1.1765; min-width: 0px; font-family: inherit; color: var(--primary-text); word-break: break-word;\"><span style=\"font-weight: 600;\">Identifiers:</span>&nbsp;unique identifiers, device IDs, and other identifiers, such as from games, apps or accounts you use, and Family Device IDs (or other identifiers unique to facebook product company associated with the same device or account).</span></span></li>\n<li class=\"c1et5uql dflh9lhu i0u1bx94 sjgh65i0 m8hsej2k tr9rh885 a4emee1s\" style=\"counter-increment: li 1; overflow-wrap: break-word; padding-right: 8px; margin: 16px 20px;\"><span class=\"d2edcug0 hpfvmrgz qv66sw1b c1et5uql lr9zc1uh a5q79mjw g1cxx5fr b1v8xokw oo9gr5id\" style=\"font-size: 1.0625rem; overflow-wrap: break-word; max-width: 100%; line-height: 1.1765; min-width: 0px; font-family: inherit; color: var(--primary-text); word-break: break-word;\"><span class=\"d2edcug0 hpfvmrgz qv66sw1b c1et5uql lr9zc1uh a5q79mjw g1cxx5fr b1v8xokw oo9gr5id\" style=\"font-size: 1.0625rem; overflow-wrap: break-word; max-width: 100%; line-height: 1.1765; min-width: 0px; font-family: inherit; color: var(--primary-text); word-break: break-word;\"><span style=\"font-weight: 600;\">Device signals:</span>&nbsp;Bluetooth signals, and information about nearby Wi-Fi access points, beacons, and cell towers.</span></span></li>\n<li class=\"c1et5uql dflh9lhu i0u1bx94 sjgh65i0 m8hsej2k tr9rh885 a4emee1s\" style=\"counter-increment: li 1; overflow-wrap: break-word; padding-right: 8px; margin: 16px 20px;\"><span class=\"d2edcug0 hpfvmrgz qv66sw1b c1et5uql lr9zc1uh a5q79mjw g1cxx5fr b1v8xokw oo9gr5id\" style=\"font-size: 1.0625rem; overflow-wrap: break-word; max-width: 100%; line-height: 1.1765; min-width: 0px; font-family: inherit; color: var(--primary-text); word-break: break-word;\"><span class=\"d2edcug0 hpfvmrgz qv66sw1b c1et5uql lr9zc1uh a5q79mjw g1cxx5fr b1v8xokw oo9gr5id\" style=\"font-size: 1.0625rem; overflow-wrap: break-word; max-width: 100%; line-height: 1.1765; min-width: 0px; font-family: inherit; color: var(--primary-text); word-break: break-word;\"><span style=\"font-weight: 600;\">Data from device settings:</span>&nbsp;information you allow us to receive through device settings you turn on, such as access to your GPS location, camera or photos.</span></span></li>\n<li class=\"c1et5uql dflh9lhu i0u1bx94 sjgh65i0 m8hsej2k tr9rh885 a4emee1s\" style=\"counter-increment: li 1; overflow-wrap: break-word; padding-right: 8px; margin: 16px 20px;\"><span class=\"d2edcug0 hpfvmrgz qv66sw1b c1et5uql lr9zc1uh a5q79mjw g1cxx5fr b1v8xokw oo9gr5id\" style=\"font-size: 1.0625rem; overflow-wrap: break-word; max-width: 100%; line-height: 1.1765; min-width: 0px; font-family: inherit; color: var(--primary-text); word-break: break-word;\"><span class=\"d2edcug0 hpfvmrgz qv66sw1b c1et5uql lr9zc1uh a5q79mjw g1cxx5fr b1v8xokw oo9gr5id\" style=\"font-size: 1.0625rem; overflow-wrap: break-word; max-width: 100%; line-height: 1.1765; min-width: 0px; font-family: inherit; color: var(--primary-text); word-break: break-word;\"><span style=\"font-weight: 600;\">Network and connections:</span>&nbsp;information such as the name of your mobile operator or ISP, language, time zone, mobile phone number, IP address, connection speed and, in some cases, information about other devices that are nearby or on your network, so we can do things like help you stream a video from your phone to your TV.</span></span></li>\n<li class=\"c1et5uql dflh9lhu i0u1bx94 sjgh65i0 m8hsej2k tr9rh885 a4emee1s\" style=\"counter-increment: li 1; overflow-wrap: break-word; padding-right: 8px; margin: 16px 20px;\"><span class=\"d2edcug0 hpfvmrgz qv66sw1b c1et5uql lr9zc1uh a5q79mjw g1cxx5fr b1v8xokw oo9gr5id\" style=\"font-size: 1.0625rem; overflow-wrap: break-word; max-width: 100%; line-height: 1.1765; min-width: 0px; font-family: inherit; color: var(--primary-text); word-break: break-word;\"><span style=\"font-weight: 600;\">Cookie data:</span>&nbsp;data from cookies stored on your device, including cookie IDs and settings.&nbsp;</span></li>\n</ul>","gauge":null,"list":[]},"created_at":"2021-11-03T10:24:20.761Z","id":76,"updated_at":"2021-11-04T18:31:05.047Z"},{"pia_id":3,"reference_to":122,"data":{"text":"We retain data until it is no longer necessary to provide our Facebook products and services, or until the account is deleted whichever comes firt. This is a case by case decision which depends on aspects such as the nature of the data, the reason for its collection and processing and the legal or operational conservation needs concerned. for example when a peron do a search on Facebook, it can view and delete this search from search history at any time, but the record of that search is not deleted until after 6months. If it sends a copy of its official id for account verification, we delete that copy 30 days after the review unless otherwise specified.","gauge":null,"list":[]},"created_at":"2021-11-03T11:15:40.547Z","id":77,"updated_at":"2021-11-04T18:31:15.159Z"},{"pia_id":3,"reference_to":123,"data":{"text":"Operating systems<br />Protocols<br />Databases<br />Device (camera, microphone, loudspeaker)&nbsp;<br />Smartphone/tablet/computer of the user&nbsp;<br />Mobile app/browser <br />Wi-Fi network <br />Internet <br />Cloud servers of Facebook<br />Users","gauge":null,"list":[]},"created_at":"2021-11-03T11:16:36.318Z","id":78,"updated_at":"2021-11-04T18:37:25.806Z"},{"pia_id":3,"reference_to":211,"data":{"text":"The processing purposes are pecified and explicit, they are mentioned in the privacy policy :<br />\n<ul>\n<li>Offering personalized opportunities to create, connect, communicate, discover and share.</li>\n<li>Fostering a positive, inclusive and save environment.</li>\n<li>Developing and using technologies that help us consistently serve our growing community.</li>\n<li>Providing consistent and seamless experiences across other Facebook company products.</li>\n<li>Connecting with brands, products and services in ways you care about.</li>\n<li>Research and inovation.</li>\n</ul>\nThese purposes are almost legitmate, but that's not the case for the last: research and innovation. Indeed, Facebook use information and data they have to test and develop their services which is illegal, they shouldn't use personal data to perform their own services.","gauge":null,"list":[]},"created_at":"2021-11-03T18:53:04.667Z","id":79,"updated_at":"2021-11-04T19:02:56.574Z"},{"pia_id":3,"reference_to":212,"data":{"text":"<ul>\n<li>For some specific purposes, the data subject give consent to the processing of his or her personal data.</li>\n<li><span class=\"d2edcug0 hpfvmrgz qv66sw1b c1et5uql lr9zc1uh a5q79mjw g1cxx5fr b1v8xokw oo9gr5id\" style=\"font-size: 1.0625rem; overflow-wrap: break-word; max-width: 100%; line-height: 1.1765; min-width: 0px; font-family: inherit; color: var(--primary-text); word-break: break-word;\">The processing is necessary to comply with our legal obligations: providing services...</span></li>\n<li>The processing is necessary to protect your vital interests, or those of others;</li>\n<li>The processing is necessary for the public interest;&nbsp; by ensuring a full connectivity and interactivity for example.</li>\n</ul>","gauge":null,"list":[]},"created_at":"2021-11-03T19:07:56.126Z","id":80,"updated_at":"2021-11-04T19:13:35.484Z"},{"pia_id":3,"reference_to":213,"data":{"text":"We can split the data collected into two categories: personal data and non personal data. The first category is necessary to identify a person to be able to propose to it products and services that match her or him. The seconde category is necessary for advertising purpose. To be more clear, identification data (name, date of birth, email, telephone) are necessary to create an account, personal life data (messages, location ,activities...) are necessary because they are part of the communication features, and advertising, connection data (wifi, IP adresses, devices ...) are necessary for security mesures, and finaly sensitive data ( bank account informations ...) are necessary to identify a real person.","gauge":null,"list":[]},"created_at":"2021-11-03T19:30:09.983Z","id":81,"updated_at":"2021-11-04T20:01:03.178Z"},{"pia_id":3,"reference_to":214,"data":{"text":"This information is not specified on facebook privacy policy.","gauge":null,"list":[]},"created_at":"2021-11-03T19:34:16.710Z","id":82,"updated_at":"2021-11-04T19:22:41.549Z"},{"pia_id":3,"reference_to":215,"data":{"text":"<p class=\"MsoNormal\"><span style=\"mso-fareast-font-family: 'Times New Roman';\">To propose the best services products to a user we need more data among a huge duration so we can determine the best fit for this user. Information associated with your account will be kept until your account is deleted, unless we no longer need the data to provide products and services. </span></p>","gauge":null,"list":[]},"created_at":"2021-11-03T19:37:16.113Z","id":83,"updated_at":"2021-11-03T19:54:32.445Z"},{"pia_id":3,"reference_to":221,"data":{"text":"<p class=\"MsoNormal\"><span style=\"mso-fareast-font-family: 'Times New Roman';\">By sharing our privacy policy, we inform data subject about all the data we process in terms of providing our services, this privacy policy contains detailed presentation of the data processing purposes (specified objectives, data matching where applicable, etc.) and the personal data collected. Regarding the transmission of&nbsp; data to third parties, there is a detailed presentation of the purposes of transmission to third parties and the type of data transmitted.</span></p>","gauge":null,"list":[]},"created_at":"2021-11-03T19:42:37.204Z","id":84,"updated_at":"2021-11-04T20:46:38.852Z"},{"pia_id":3,"reference_to":222,"data":{"text":"<span style=\"font-family: 'Times New Roman', serif; font-size: 16px;\">Once the account is created, data subjetct receive a notification containing all informations and they have the right to accept and give consent or not. But not accepting the terms of use limit their access to some of our services.</span>","gauge":null,"list":[]},"created_at":"2021-11-03T19:47:40.310Z","id":85,"updated_at":"2021-11-04T20:46:52.867Z"},{"pia_id":3,"reference_to":223,"data":{"text":"The right of acces to data is ensured by three options:\n<div>\n<ul>\n<li>Possibility of accessing all of the user's personal data via the common interfaces</li>\n<li>Possibility of securely consulting the traces of use associated with the user from his account</li>\n<li>Possibility of downloading an archive of all the personal data associated with the user.</li>\n</ul>\nFor individuals who need help with requesting a copy of their personal data, they have a link&nbsp; which directs users to a page explain how they can download a copy of their facebook data. The file generated through this functionality mainly provides information which is already visible to users when browsing their profile. The file also contains certain additional information, for example, regarding the user&rsquo;s account activity and meta-data linked to uploaded pictures. Facebook additionally provides its users with an &ldquo;Activity Log&rdquo;, which provides an overview of the user&rsquo;s actions on Facebook.</div>","gauge":null,"list":[]},"created_at":"2021-11-03T19:50:18.952Z","id":86,"updated_at":"2021-11-04T20:17:09.159Z"},{"pia_id":3,"reference_to":224,"data":{"text":"We have the possibility of rectifying personal data and the possibility of erasing personal data. The right to rectification is exerced directly by modifying the informations in the settings page.<br />Facebook specifies that when users decide to delete their account, it may take up to 90 days to delete all posted information and &ldquo;some information&rdquo; might remain in the database for technical reasons.","gauge":null,"list":[]},"created_at":"2021-11-03T19:55:36.956Z","id":87,"updated_at":"2021-11-04T20:23:55.182Z"},{"pia_id":3,"reference_to":225,"data":{"text":"<span style=\"font-size: 10.0pt; mso-bidi-font-size: 13.0pt; font-family: Symbol; mso-fareast-font-family: Symbol; mso-bidi-font-family: Symbol; color: #262626;\"><span style=\"mso-list: Ignore;\"><span style=\"font: 7.0pt 'Times New Roman';\">&nbsp; &nbsp; &nbsp;</span></span></span><br />The data subject can exercise the right to object to our processing of data for direct marketing, by using the \"unsubscribe\" link in such marketing communications. Data subject can also exercise their right to object to our processing on Facebook and Instagram settings where we are performing a task in the public interest or persuing our legitimate interests or those of a third party.","gauge":null,"list":[]},"created_at":"2021-11-03T20:01:24.311Z","id":88,"updated_at":"2021-11-04T20:33:39.303Z"},{"pia_id":3,"reference_to":226,"data":{"text":"The obligations of the processor which is Facebook Irland are identified on our privacy policy: Facebook Ireland must process only data:<br />\n<ul>\n<li>as necessary to fulfill our Facebook terms of Service or Instagram terms of Use.</li>\n<li>consistent with data subject consent, which may revoke at any time through the Facebook and Instagram settings.</li>\n<li>as necessary to comply with our legal obligations.</li>\n<li>as necessary to protect data subjects vital interests.</li>\n<li>as necessary in the public interest.</li>\n<li>as necessary for our or other third parties interests, including our interests in providing an innovative, personalized, safe, and profitable service to our users and partners, unless those interests are overridden by your interests or fundamental rights and freedoms that require protection of personal data.</li>\n</ul>","gauge":null,"list":[]},"created_at":"2021-11-03T20:05:50.944Z","id":89,"updated_at":"2021-11-04T20:36:06.684Z"},{"pia_id":3,"reference_to":227,"data":{"text":"We share information globally, both internally within the Facebook companies and externally with our partners and with those data subject connect and share with around the world in accordance with our policy. Information controlled by&nbsp; Facebook Ireland will be transferred or transmitted to, or stored and processed in, the United States or other countries outside of where data subject live for the purposes described before. We utilize standard contractual clauses approved by the European Commission and rely on the European Commission's adequacy decisions about certain countries, as applicable, for data transfers from the EEA to the United States and other countries.","gauge":null,"list":[]},"created_at":"2021-11-03T20:12:16.344Z","id":90,"updated_at":"2021-11-04T20:46:15.544Z"},{"pia_id":3,"reference_to":321,"data":{"text":null,"gauge":null,"list":["Altering their personal data.","Losing the access to their account.","Violation of privacy.","Consequences of the disclosure of sensitive data (discrimination for example)","Phishing"]},"created_at":"2021-11-03T21:08:30.343Z","id":91,"updated_at":"2021-11-04T21:26:02.664Z"},{"pia_id":3,"reference_to":322,"data":{"text":null,"gauge":null,"list":["Digital security attacks","Recovery of scrapped device","Data theft, consultation on a browser","Account theft on a mobile or any device"]},"created_at":"2021-11-03T21:10:09.590Z","id":92,"updated_at":"2021-11-04T21:29:04.169Z"},{"pia_id":3,"reference_to":323,"data":{"text":null,"gauge":null,"list":["Malicious persons","Vulnerabilities by using source code.","Authorized third-party company"]},"created_at":"2021-11-03T21:11:05.485Z","id":93,"updated_at":"2021-11-04T21:29:47.439Z"},{"pia_id":3,"reference_to":324,"data":{"text":null,"gauge":null,"list":["Logical access control","Encryption","Password management"]},"created_at":"2021-11-03T21:17:02.813Z","id":94,"updated_at":"2021-11-04T21:30:47.023Z"},{"pia_id":3,"reference_to":325,"data":{"text":"<span style=\"font-size: 12.0pt; font-family: 'Times New Roman',serif; mso-fareast-font-family: 'Times New Roman'; mso-ansi-language: FR; mso-fareast-language: FR; mso-bidi-language: AR-SA;\">Even by setting a planned control to limit illegitimate access, security attacks are common now, and a user can lose access to his account and lose the privacy of his personal data.</span>","gauge":2,"list":[]},"created_at":"2021-11-03T21:17:28.547Z","id":95,"updated_at":"2021-11-04T21:31:43.442Z"},{"pia_id":3,"reference_to":326,"data":{"text":"<span style=\"color: #383838; font-family: 'Libre Baskerville', Georgia, Times, 'Times New Roman', serif; font-size: 18px; background-color: #ffffff;\">In the case of Facebook, criminals can mine Facebook&rsquo;s systems for users&rsquo; personal information by using techniques which automate the process of harvesting data.</span>","gauge":2,"list":[]},"created_at":"2021-11-03T21:19:34.637Z","id":96,"updated_at":"2021-11-04T21:32:27.798Z"},{"pia_id":3,"reference_to":332,"data":{"text":null,"gauge":null,"list":["Alteration of data on the server"]},"created_at":"2021-11-03T21:25:38.444Z","id":97,"updated_at":"2021-11-04T21:35:50.337Z"},{"pia_id":3,"reference_to":333,"data":{"text":null,"gauge":null,"list":["external human sources","Hackers","Cyber attacks"]},"created_at":"2021-11-03T21:26:21.375Z","id":98,"updated_at":"2021-11-04T21:35:23.700Z"},{"pia_id":3,"reference_to":331,"data":{"text":null,"gauge":null,"list":["Altering personal data","Violation and invasion of privacy","Identity theft"]},"created_at":"2021-11-03T21:34:08.922Z","id":99,"updated_at":"2021-11-04T21:34:58.145Z"},{"pia_id":3,"reference_to":335,"data":{"text":"Regarding to control plans made in place, this risks are limited. We can detect this type of risk sources and get rid of them.","gauge":2,"list":[]},"created_at":"2021-11-03T21:34:38.749Z","id":100,"updated_at":"2021-11-04T21:38:40.698Z"},{"pia_id":3,"reference_to":334,"data":{"text":null,"gauge":null,"list":["Logical access control","Policy","Monitoring network activity"]},"created_at":"2021-11-03T21:35:37.971Z","id":101,"updated_at":"2021-11-04T21:36:40.737Z"},{"pia_id":3,"reference_to":336,"data":{"text":"It seems difficult for the selected risk sources to matrialize the threat by exploiting the properties of supporting assets.","gauge":1,"list":[]},"created_at":"2021-11-03T21:37:39.994Z","id":102,"updated_at":"2021-11-04T21:39:57.515Z"},{"pia_id":3,"reference_to":342,"data":{"text":null,"gauge":null,"list":["Erasure of data from the app or the server","Deterioration of server","Device's damage","System or server failures"]},"created_at":"2021-11-03T21:39:43.371Z","id":103,"updated_at":"2021-11-04T21:41:50.471Z"},{"pia_id":3,"reference_to":343,"data":{"text":null,"gauge":null,"list":["Non-human sources","Damage on system","Hackers","Cyber attacks"]},"created_at":"2021-11-03T21:40:07.944Z","id":104,"updated_at":"2021-11-04T21:43:59.163Z"},{"pia_id":3,"reference_to":341,"data":{"text":null,"gauge":null,"list":["Need to recreate a new account","Loss of history and personal settings and contacts"]},"created_at":"2021-11-04T21:42:13.350Z","id":105,"updated_at":"2021-11-04T21:42:56.557Z"},{"pia_id":3,"reference_to":344,"data":{"text":null,"gauge":null,"list":["Backups","Clamping down on malicious software","Monitoring network activity"]},"created_at":"2021-11-04T21:51:56.623Z","id":106,"updated_at":"2021-11-04T21:52:12.510Z"},{"pia_id":3,"reference_to":345,"data":{"text":"Data subjects will encounter a few inconveniences which they will overcome without any problem, for example loss of time in repeating formalities.","gauge":1,"list":[]},"created_at":"2021-11-04T21:52:22.064Z","id":107,"updated_at":"2021-11-04T21:54:26.078Z"},{"pia_id":3,"reference_to":346,"data":{"text":"It seems difficult for risk selected resources to access to the data stored on our server and to be able to materialize such threat, because we have also buckups so we will be able to reload the data.&nbsp;","gauge":2,"list":[]},"created_at":"2021-11-04T21:54:26.173Z","id":108,"updated_at":"2021-11-04T22:02:52.487Z"}],"measures":[{"pia_id":3,"title":"Password management","content":"Facebook has procedures for managing passwords for its staff designed to ensure that each person has their own password and that unauthorized persons cannot access them, including, at a minimum: providing passwords, through established procedures to verify user identity before assigning a new password, replacement password or temporary password.<br />Facebook imply the use of strong passwords according to their intended use, and the transmission of good practices relating to passwords.","placeholder":"measures.default_placeholder","id":25,"updated_at":"2021-11-04T21:05:49.876Z"},{"pia_id":3,"title":"Monitoring network activity","content":"We analyze network traffic in real time to detect system intusion (wired networks, wifi ..). This can prevent any suspicious activity suggestive of a cyber attack scenario for example.","placeholder":"knowledge_base.slugs.PIA_SEC_LOG.placeholder","id":26,"updated_at":"2021-11-04T21:14:36.326Z"},{"pia_id":3,"title":"Policy","content":"Our policy contains important aspects relating to data protection within a data protection policy which inform users for risks and the key principles to be followed if&nbsp; malicious things are happening.","placeholder":"knowledge_base.slugs.PIA_ORG_POL.placeholder","id":27,"updated_at":"2021-11-04T21:18:02.902Z"},{"pia_id":3,"title":"Encryption","content":"Encryption is implemented to ensure confidentiality of data stored in our cloud, and while the processing a managing encryption is made in place to protect this data. Also, we ensure a cryptographic protection of passwords when they are stored in computer systems or any other device or when they pass through the network. The encryption methods are used also for messaging services involving text to protect safety, security and integrity.","placeholder":"knowledge_base.slugs.PIA_TEC_CHIF.placeholder","id":30,"updated_at":"2021-11-04T21:19:20.107Z"},{"pia_id":3,"title":"Logical access control","content":"Policies to ensure physical security, for example if any person is accessing to a data subject account with his password from another geographic zone, a warning procedure is made in place to notify the data subject of this connection.","placeholder":"knowledge_base.slugs.PIA_TEC_CTLA.placeholder","id":31,"updated_at":"2021-11-04T21:08:57.267Z"},{"pia_id":3,"title":"Clamping down on malicious software","content":"Controls implemented on server to protect it from malicious software while accessing less secure network.&nbsp;","placeholder":"knowledge_base.slugs.PIA_SEC_MAL.placeholder","id":33,"updated_at":"2021-11-04T21:48:03.436Z"},{"pia_id":3,"title":"Backups","content":"Policies and means implemeted to ensure the availability of data while maintaining their confidentiality.&nbsp;","placeholder":"knowledge_base.slugs.PIA_SEC_BKP.placeholder","id":34,"updated_at":"2021-11-04T21:49:03.979Z"}],"evaluations":[{"status":3,"global_status":2,"pia_id":3,"reference_to":"1.1","created_at":"2021-11-04T22:01:17.645Z","id":60,"gauges":{"x":0,"y":0},"updated_at":"2021-11-04T22:04:40.658Z","evaluation_comment":"The information given are adequate and propre to meet the basic requirements for data protection."},{"status":3,"global_status":2,"pia_id":3,"reference_to":"1.2","created_at":"2021-11-04T22:01:26.530Z","id":61,"gauges":{"x":0,"y":0},"updated_at":"2021-11-04T22:18:42.702Z","evaluation_comment":"The information given for the lifecycle of data are not sufficient to properly evaluate them. You should describe with details how the processing and lifecycle of data work by identifying for each step the responsible for the processing and the responsible of the data."},{"status":2,"global_status":2,"pia_id":3,"reference_to":"2.1.211","created_at":"2021-11-04T22:01:31.795Z","id":62,"gauges":{"x":0,"y":0},"updated_at":"2021-11-04T22:50:37.424Z","evaluation_comment":"As mentionned the purposes are quiet clear, and are not all legitimate.","action_plan_comment":"You should describe all the purposes from this data processing and explain and demonstrate why its legitimate.","estimated_implementation_date":"1970-01-01T00:00:00.000Z"},{"status":2,"global_status":2,"pia_id":3,"reference_to":"2.1.212","created_at":"2021-11-04T22:01:31.798Z","id":63,"gauges":{"x":0,"y":0},"updated_at":"2021-11-04T22:50:37.429Z","evaluation_comment":"There is any code or certification mentioned to show the legal basis.","action_plan_comment":"You should try to find the compliance between these obligations and codes related to data protection."},{"status":2,"global_status":2,"pia_id":3,"reference_to":"2.1.213","created_at":"2021-11-04T22:01:31.800Z","id":64,"gauges":{"x":0,"y":0},"updated_at":"2021-11-04T22:50:37.432Z","evaluation_comment":"Sensitive data like bank account information should not be stored in your server according to GDPR rules in terms of data minimization.","action_plan_comment":"Delete informations related to bank account."},{"status":2,"global_status":2,"pia_id":3,"reference_to":"2.1.214","created_at":"2021-11-04T22:01:31.804Z","id":65,"gauges":{"x":0,"y":0},"updated_at":"2021-11-04T22:50:37.436Z","evaluation_comment":"Keep the data at date and accurate one of fundemental GDPR regulations in terms of Quality of data.","action_plan_comment":"Plan some regular checks to keep data at date and accurate."},{"status":2,"global_status":2,"pia_id":3,"reference_to":"2.1.215","created_at":"2021-11-04T22:01:31.807Z","id":66,"gauges":{"x":0,"y":0},"updated_at":"2021-11-04T22:50:37.440Z","evaluation_comment":"The storage duration must be defined for each type of data and justified by legal requirements and processing needs.","action_plan_comment":"You should implement an erasure mechanism to get rid of archive common data after being stored for a defined time."},{"status":2,"global_status":2,"pia_id":3,"reference_to":"2.2.221","created_at":"2021-11-04T22:01:37.388Z","id":67,"gauges":{"x":0,"y":0},"updated_at":"2021-11-04T22:39:48.251Z","evaluation_comment":"By publishing a privacy policy data subject will be informed by how the processing oh their data works.","action_plan_comment":"According to the available description, the privacy policy should be clear and easy to understand.","person_in_charge":null,"estimated_implementation_date":"1970-01-01T00:00:00.000Z"},{"status":3,"global_status":2,"pia_id":3,"reference_to":"2.2.222","created_at":"2021-11-04T22:01:37.391Z","id":68,"gauges":{"x":0,"y":0},"updated_at":"2021-11-04T22:30:41.771Z","evaluation_comment":"Data subject make a free and informed choice."},{"status":3,"global_status":2,"pia_id":3,"reference_to":"2.2.223","created_at":"2021-11-04T22:01:37.394Z","id":69,"gauges":{"x":0,"y":0},"updated_at":"2021-11-04T22:30:41.774Z","evaluation_comment":"Data subject have the right to obtain from the controller coonfirmation as to whether or not personal data&nbsp; concerning him or her are being processed ."},{"status":2,"global_status":2,"pia_id":3,"reference_to":"2.2.224","created_at":"2021-11-04T22:01:37.397Z","id":70,"gauges":{"x":0,"y":0},"updated_at":"2021-11-04T22:30:41.777Z","evaluation_comment":"Right of erasure insured.","action_plan_comment":"The erasure should be without undue delay."},{"status":3,"global_status":2,"pia_id":3,"reference_to":"2.2.225","created_at":"2021-11-04T22:01:37.400Z","id":71,"gauges":{"x":0,"y":0},"updated_at":"2021-11-04T22:30:41.781Z","evaluation_comment":"Measures implemented fit with GDPR requirements."},{"status":2,"global_status":2,"pia_id":3,"reference_to":"2.2.226","created_at":"2021-11-04T22:01:37.403Z","id":72,"gauges":{"x":0,"y":0},"updated_at":"2021-11-04T22:30:41.784Z","evaluation_comment":"Obligations are identified.","action_plan_comment":"You should clarify more these obligations and make contracts to govern this processing."},{"status":2,"global_status":2,"pia_id":3,"reference_to":"2.2.227","created_at":"2021-11-04T22:01:37.406Z","id":73,"gauges":{"x":0,"y":0},"updated_at":"2021-11-04T22:30:41.788Z","evaluation_comment":"Unclear.","action_plan_comment":"What are the regulations applied and in which cases? You should specify for every case why data is transferres, how and what are respected regulations to protect this data."},{"status":3,"global_status":2,"pia_id":3,"reference_to":"3.1.25","created_at":"2021-11-04T22:01:43.297Z","id":74,"gauges":{"x":0,"y":0},"updated_at":"2021-11-04T22:46:46.700Z","evaluation_comment":"Good practice."},{"status":3,"global_status":2,"pia_id":3,"reference_to":"3.1.26","created_at":"2021-11-04T22:01:43.300Z","id":75,"gauges":{"x":0,"y":0},"updated_at":"2021-11-04T22:46:46.704Z","evaluation_comment":"Good to avoid network intrusion."},{"status":3,"global_status":2,"pia_id":3,"reference_to":"3.1.27","created_at":"2021-11-04T22:01:43.304Z","id":76,"gauges":{"x":0,"y":0},"updated_at":"2021-11-04T22:46:46.708Z","evaluation_comment":"Necessary to protect users and their data."},{"status":3,"global_status":2,"pia_id":3,"reference_to":"3.1.30","created_at":"2021-11-04T22:01:43.307Z","id":77,"gauges":{"x":0,"y":0},"updated_at":"2021-11-04T22:46:46.712Z","evaluation_comment":"Necessary for data security."},{"status":3,"global_status":2,"pia_id":3,"reference_to":"3.1.31","created_at":"2021-11-04T22:01:43.312Z","id":78,"gauges":{"x":0,"y":0},"updated_at":"2021-11-04T22:46:46.716Z"},{"status":3,"global_status":2,"pia_id":3,"reference_to":"3.1.33","created_at":"2021-11-04T22:01:43.316Z","id":79,"gauges":{"x":0,"y":0},"updated_at":"2021-11-04T22:46:46.720Z"},{"status":3,"global_status":2,"pia_id":3,"reference_to":"3.1.34","created_at":"2021-11-04T22:01:43.322Z","id":80,"gauges":{"x":0,"y":0},"updated_at":"2021-11-04T22:46:46.723Z"},{"status":2,"global_status":2,"pia_id":3,"reference_to":"3.2","created_at":"2021-11-04T22:01:49.104Z","id":81,"gauges":{"x":1,"y":1},"updated_at":"2021-11-04T22:43:27.217Z","evaluation_comment":"Logical analyse.&nbsp;","action_plan_comment":"Inform the user for the good practices when scrapping a device.<br />Carry out encryption for the data stored on the server."},{"status":3,"global_status":2,"pia_id":3,"reference_to":"3.3","created_at":"2021-11-04T22:01:59.355Z","id":82,"gauges":{"x":0,"y":0},"updated_at":"2021-11-04T22:37:38.336Z","evaluation_comment":"Logical analyse."},{"status":3,"global_status":2,"pia_id":3,"reference_to":"3.4","created_at":"2021-11-04T22:02:53.903Z","id":83,"gauges":{"x":0,"y":0},"updated_at":"2021-11-04T22:38:37.761Z","evaluation_comment":"Logical analyse."}],"comments":[]}