"Section","Title","Action plan comment","Evaluation comment","Estimated implementation date","Person in charge"
"Fundamental principles"
" ","Purposes","You should describe all the purposes from this data processing and explain and demonstrate why its legitimate.","As mentionned the purposes are quiet clear and are not all legitimate.","1/1/70"
" ","Legal basis","You should try to find the compliance between these obligations and codes related to data protection.","There is any code or certification mentioned to show the legal basis."
" ","Adequate data","Delete informations related to bank account.","Sensitive data like bank account information should not be stored in your server according to GDPR rules in terms of data minimization."
" ","Data accuracy","Plan some regular checks to keep data at date and accurate.","Keep the data at date and accurate one of fundemental GDPR regulations in terms of Quality of data."
" ","Storage duration","You should implement an erasure mechanism to get rid of archive common data after being stored for a defined time.","The storage duration must be defined for each type of data and justified by legal requirements and processing needs."
" ","Information for the data subjects","According to the available description the privacy policy should be clear and easy to understand.","By publishing a privacy policy data subject will be informed by how the processing oh their data works.","1/1/70"
" ","Obtaining consent","Data subject make a free and informed choice."
" ","Right of access and to data portability","Data subject have the right to obtain from the controller coonfirmation as to whether or not personal data  concerning him or her are being processed ."
" ","Right to rectification and erasure","The erasure should be without undue delay.","Right of erasure insured."
" ","Right to restriction and to object","Measures implemented fit with GDPR requirements."
" ","Subcontracting","You should clarify more these obligations and make contracts to govern this processing.","Obligations are identified."
" ","Transfers","What are the regulations applied and in which cases? You should specify for every case why data is transferres how and what are respected regulations to protect this data.","Unclear."
"Planned or existing measures"
" ","Password management","Good practice."
" ","Monitoring network activity","Good to avoid network intrusion."
" ","Policy","Necessary to protect users and their data."
" ","Encryption","Necessary for data security."
" ","Logical access control"
" ","Clamping down on malicious software"
" ","Backups"
"Illegitimate access to data"
" ","Illegitimate access to data","Inform the user for the good practices when scrapping a device.Carry out encryption for the data stored on the server.","Logical analyse. "
"Unwanted modification of data"
" ","Unwanted modification of data","Logical analyse."
"Data disappearance"
" ","Data disappearance","Logical analyse."
